Year,Area Name,Species Name Common,Average Exvessel Price per Pound
1984,Alaska Peninsula,                             Pink,0.248705829
1984,Alaska Peninsula,        Chum,0.29694834
1984,Alaska Peninsula,        Coho,0.65266795
1984,Alaska Peninsula,Chinook,1.067663758
1984,Alaska Peninsula,Sockeye,0.852484713
1984,Bristol Bay,                             Pink,0.227246234
1984,Bristol Bay,        Chum,0.302707894
1984,Bristol Bay,        Coho,0.765659133
1984,Bristol Bay,Chinook,1.032070541
1984,Bristol Bay,Sockeye,0.658402587
1984,Chignik,                             Pink,0.214783721
1984,Chignik,        Chum,0.333031506
1984,Chignik,        Coho,0.748151797
1984,Chignik,Chinook,1.110180105
1984,Chignik,Sockeye,0.976548561
1984,Cook Inlet,                             Pink,0.247967635
1984,Cook Inlet,        Chum,0.382557857
1984,Cook Inlet,        Coho,0.663095209
1984,Cook Inlet,Chinook,1.077792673
1984,Cook Inlet,Sockeye,0.967045495
1984,Kodiak,                             Pink,0.257747649
1984,Kodiak,        Chum,0.340310213
1984,Kodiak,        Coho,0.843066244
1984,Kodiak,Chinook,0.946054888
1984,Kodiak,Sockeye,1.005220589
1984,Kotzebue,        Chum,0.425768379
1984,Kuskokwim,                             Pink,0.075429676
1984,Kuskokwim,        Chum,0.29375786
1984,Kuskokwim,        Coho,0.639371854
1984,Kuskokwim,Chinook,0.896175109
1984,Kuskokwim,Sockeye,0.581368474
1984,Norton Sound,        Chum,0.241769234
1984,Norton Sound,        Coho,0.47944269
1984,Norton Sound,Chinook,1.200108914
1984,Prince William Sound,                             Pink,0.263808408
1984,Prince William Sound,        Chum,0.312099479
1984,Prince William Sound,        Coho,1.037739812
1984,Prince William Sound,Chinook,1.419266044
1984,Prince William Sound,Sockeye,1.032062183
1984,Southeast,                             Pink,0.254379484
1984,Southeast,        Chum,0.451795562
1984,Southeast,        Coho,1.317515119
1984,Southeast,Chinook,2.708720889
1984,Southeast,Sockeye,1.10695653
1984,Yukon,        Chum,0.281997493
1984,Yukon,        Coho,0.51191513
1984,Yukon,Chinook,1.503901184
1985,Alaska Peninsula,                             Pink,0.220513811
1985,Alaska Peninsula,        Chum,0.305150834
1985,Alaska Peninsula,        Coho,0.765556019
1985,Alaska Peninsula,Chinook,0.982205716
1985,Alaska Peninsula,Sockeye,1.096858317
1985,Bristol Bay,                             Pink,0.118012422
1985,Bristol Bay,        Chum,0.313748674
1985,Bristol Bay,        Coho,0.698271937
1985,Bristol Bay,Chinook,0.961481945
1985,Bristol Bay,Sockeye,0.83508341
1985,Chignik,                             Pink,0.218690905
1985,Chignik,        Chum,0.381458975
1985,Chignik,        Coho,0.794045309
1985,Chignik,Chinook,1.383261942
1985,Chignik,Sockeye,1.355113366
1985,Cook Inlet,                             Pink,0.218360437
1985,Cook Inlet,        Chum,0.439393595
1985,Cook Inlet,        Coho,0.694216636
1985,Cook Inlet,Chinook,1.227348015
1985,Cook Inlet,Sockeye,1.220392285
1985,Kodiak,                             Pink,0.235127273
1985,Kodiak,        Chum,0.397992308
1985,Kodiak,        Coho,0.776204699
1985,Kodiak,Chinook,1.379192472
1985,Kodiak,Sockeye,1.228838381
1985,Kotzebue,        Chum,0.607453806
1985,Kuskokwim,        Chum,0.249334255
1985,Kuskokwim,        Coho,0.513642532
1985,Kuskokwim,Chinook,0.797349741
1985,Kuskokwim,Sockeye,0.599769183
1985,Norton Sound,        Chum,0.302787851
1985,Norton Sound,        Coho,0.501396453
1985,Norton Sound,Chinook,1.064179707
1985,Prince William Sound,                             Pink,0.231740448
1985,Prince William Sound,        Chum,0.389688497
1985,Prince William Sound,        Coho,0.890471966
1985,Prince William Sound,Chinook,1.64171311
1985,Prince William Sound,Sockeye,1.403679558
1985,Southeast,                             Pink,0.236761361
1985,Southeast,        Chum,0.422731872
1985,Southeast,        Coho,1.05923658
1985,Southeast,Chinook,2.19050766
1985,Southeast,Sockeye,1.337152799
1985,Yukon,        Chum,0.406154929
1985,Yukon,        Coho,0.534934113
1985,Yukon,Chinook,1.517221783
1986,Alaska Peninsula,                             Pink,0.209389314
1986,Alaska Peninsula,        Chum,0.347688522
1986,Alaska Peninsula,        Coho,0.704926434
1986,Alaska Peninsula,Chinook,0.773210787
1986,Alaska Peninsula,Sockeye,1.411340768
1986,Bristol Bay,                             Pink,0.146357694
1986,Bristol Bay,        Chum,0.315457575
1986,Bristol Bay,        Coho,0.672624115
1986,Bristol Bay,Chinook,1.006286407
1986,Bristol Bay,Sockeye,1.422478127
1986,Chignik,                             Pink,0.187430416
1986,Chignik,        Chum,0.387366821
1986,Chignik,        Coho,0.768835293
1986,Chignik,Chinook,1.164314411
1986,Chignik,Sockeye,1.467530759
1986,Cook Inlet,                             Pink,0.151929797
1986,Cook Inlet,        Chum,0.378540633
1986,Cook Inlet,        Coho,0.632234934
1986,Cook Inlet,Chinook,1.098611089
1986,Cook Inlet,Sockeye,1.436103924
1986,Kodiak,                             Pink,0.199897803
1986,Kodiak,        Chum,0.324254489
1986,Kodiak,        Coho,0.646829612
1986,Kodiak,Chinook,1.102754142
1986,Kodiak,Sockeye,1.421262499
1986,Kuskokwim,        Chum,0.249991059
1986,Kuskokwim,        Coho,0.600262432
1986,Kuskokwim,Chinook,0.799316441
1986,Kuskokwim,Sockeye,0.699033988
1986,Prince William Sound,                             Pink,0.220323217
1986,Prince William Sound,        Chum,0.341922022
1986,Prince William Sound,        Coho,0.900111711
1986,Prince William Sound,Chinook,1.457508549
1986,Prince William Sound,Sockeye,1.496326757
1986,Southeast,                             Pink,0.263261402
1986,Southeast,        Chum,0.376118125
1986,Southeast,        Coho,1.072336798
1986,Southeast,Chinook,1.979666016
1986,Southeast,Sockeye,1.510894317
1986,Yukon,        Chum,0.398677035
1986,Yukon,        Coho,0.701570323
1986,Yukon,Chinook,1.606112771
1987,Alaska Peninsula,                             Pink,0.406099869
1987,Alaska Peninsula,        Chum,0.383384193
1987,Alaska Peninsula,        Coho,0.906709919
1987,Alaska Peninsula,Chinook,1.213023008
1987,Alaska Peninsula,Sockeye,1.643019053
1987,Bristol Bay,                             Pink,0.181146026
1987,Bristol Bay,        Chum,0.302221832
1987,Bristol Bay,        Coho,0.715615821
1987,Bristol Bay,Chinook,1.171307269
1987,Bristol Bay,Sockeye,1.40092202
1987,Chignik,                             Pink,0.294231441
1987,Chignik,        Chum,0.373956394
1987,Chignik,        Coho,0.895314183
1987,Chignik,Chinook,1.500023218
1987,Chignik,Sockeye,1.831550001
1987,Cook Inlet,                             Pink,0.412595755
1987,Cook Inlet,        Chum,0.399469363
1987,Cook Inlet,        Coho,0.777741144
1987,Cook Inlet,Chinook,1.356174248
1987,Cook Inlet,Sockeye,1.554866346
1987,Kodiak,                             Pink,0.432577698
1987,Kodiak,        Chum,0.43131973
1987,Kodiak,        Coho,0.821930593
1987,Kodiak,Chinook,1.117372812
1987,Kodiak,Sockeye,1.74130137
1987,Kotzebue,        Chum,0.61928034
1987,Kuskokwim,        Chum,0.311217173
1987,Kuskokwim,        Coho,0.78527639
1987,Kuskokwim,Chinook,1.16089798
1987,Kuskokwim,Sockeye,1.335188047
1987,Norton Sound,        Chum,0.34168693
1987,Norton Sound,        Coho,0.593586871
1987,Norton Sound,Chinook,1.124862942
1987,Prince William Sound,                             Pink,0.420042334
1987,Prince William Sound,        Chum,0.468421304
1987,Prince William Sound,        Coho,0.97276745
1987,Prince William Sound,Chinook,2.154277253
1987,Prince William Sound,Sockeye,1.933118002
1987,Southeast,                             Pink,0.443002086
1987,Southeast,        Chum,0.629255149
1987,Southeast,        Coho,1.758404578
1987,Southeast,Chinook,2.941949239
1987,Southeast,Sockeye,1.766646791
1987,Yukon,        Chum,0.453718672
1987,Yukon,Chinook,1.992030995
1988,Alaska Peninsula,                             Pink,0.778699728
1988,Alaska Peninsula,        Chum,0.786240997
1988,Alaska Peninsula,        Coho,1.215524508
1988,Alaska Peninsula,Chinook,1.350440026
1988,Alaska Peninsula,Sockeye,2.253104903
1988,Bristol Bay,                             Pink,0.352722872
1988,Bristol Bay,        Chum,0.472082134
1988,Bristol Bay,        Coho,1.395285374
1988,Bristol Bay,Chinook,1.077118973
1988,Bristol Bay,Sockeye,2.11094502
1988,Chignik,                             Pink,0.630715604
1988,Chignik,        Chum,0.963538972
1988,Chignik,        Coho,1.451655768
1988,Chignik,Chinook,1.990066275
1988,Chignik,Sockeye,2.487834991
1988,Cook Inlet,                             Pink,0.65608748
1988,Cook Inlet,        Chum,0.870393456
1988,Cook Inlet,        Coho,1.375992039
1988,Cook Inlet,Chinook,1.579423569
1988,Cook Inlet,Sockeye,2.543069201
1988,Kodiak,                             Pink,0.811108566
1988,Kodiak,        Chum,1.132448589
1988,Kodiak,        Coho,1.283433729
1988,Kodiak,Chinook,1.446221855
1988,Kodiak,Sockeye,2.706871659
1988,Kotzebue,        Chum,0.880170401
1988,Kuskokwim,                             Pink,0.183566555
1988,Kuskokwim,        Chum,0.434413224
1988,Kuskokwim,        Coho,1.34649524
1988,Kuskokwim,Chinook,1.332700018
1988,Kuskokwim,Sockeye,1.919746944
1988,Norton Sound,                             Pink,0.192949621
1988,Norton Sound,        Chum,0.401523999
1988,Norton Sound,        Coho,1.136154372
1988,Norton Sound,Chinook,1.275922541
1988,Prince William Sound,                             Pink,0.816985589
1988,Prince William Sound,        Chum,1.056121911
1988,Prince William Sound,        Coho,1.994996725
1988,Prince William Sound,Chinook,3.277257644
1988,Prince William Sound,Sockeye,3.047611197
1988,Southeast,                             Pink,0.841702138
1988,Southeast,        Chum,1.034943934
1988,Southeast,        Coho,2.680445616
1988,Southeast,Chinook,3.6339978
1988,Southeast,Sockeye,3.080694294
1988,Yukon,        Chum,0.681176549
1988,Yukon,        Coho,1.207859849
1988,Yukon,Chinook,2.885505085
1989,Alaska Peninsula,                             Pink,0.338390639
1989,Alaska Peninsula,        Chum,0.390367592
1989,Alaska Peninsula,        Coho,0.766967374
1989,Alaska Peninsula,Chinook,1.124818761
1989,Alaska Peninsula,Sockeye,1.500541791
1989,Bristol Bay,                             Pink,0.317428614
1989,Bristol Bay,        Chum,0.257677106
1989,Bristol Bay,        Coho,0.708666006
1989,Bristol Bay,Chinook,0.821227355
1989,Bristol Bay,Sockeye,1.254814337
1989,Chignik,                             Pink,0.330443283
1989,Chignik,        Chum,0.402142977
1989,Chignik,        Coho,0.77626633
1989,Chignik,Chinook,1.051420305
1989,Chignik,Sockeye,1.652513266
1989,Cook Inlet,                             Pink,0.394670902
1989,Cook Inlet,        Chum,0.392830136
1989,Cook Inlet,        Coho,0.683978726
1989,Cook Inlet,Chinook,1.307502974
1989,Cook Inlet,Sockeye,1.720631993
1989,Kodiak,                             Pink,0.548371898
1989,Kodiak,        Chum,0.385024894
1989,Kodiak,        Coho,0.649584807
1989,Kodiak,Chinook,1.166982922
1989,Kodiak,Sockeye,1.793432939
1989,Kotzebue,        Chum,0.32570354
1989,Kotzebue,Chinook,1.60916442
1989,Kuskokwim,                             Pink,0.168901569
1989,Kuskokwim,        Chum,0.313405711
1989,Kuskokwim,        Coho,0.646083032
1989,Kuskokwim,Chinook,0.817849925
1989,Kuskokwim,Sockeye,1.281553382
1989,Prince William Sound,                             Pink,0.476799315
1989,Prince William Sound,        Chum,0.429740011
1989,Prince William Sound,        Coho,0.632737523
1989,Prince William Sound,Chinook,2.258281735
1989,Prince William Sound,Sockeye,2.288521552
1989,Southeast,                             Pink,0.418521362
1989,Southeast,        Chum,0.490146902
1989,Southeast,        Coho,0.962241795
1989,Southeast,Chinook,1.950766579
1989,Southeast,Sockeye,1.627168271
1989,Yukon,        Chum,0.371264966
1989,Yukon,        Coho,0.637661989
1989,Yukon,Chinook,2.77224915
1990,Alaska Peninsula,                             Pink,0.301553481
1990,Alaska Peninsula,        Chum,0.355826141
1990,Alaska Peninsula,        Coho,0.780048256
1990,Alaska Peninsula,Chinook,1.156743836
1990,Alaska Peninsula,Sockeye,1.518328822
1990,Bristol Bay,                             Pink,0.289107089
1990,Bristol Bay,        Chum,0.266197223
1990,Bristol Bay,        Coho,0.729592778
1990,Bristol Bay,Chinook,0.906926383
1990,Bristol Bay,Sockeye,1.092336119
1990,Chignik,                             Pink,0.267334797
1990,Chignik,        Chum,0.392381275
1990,Chignik,        Coho,0.745217867
1990,Chignik,Chinook,1.075527417
1990,Chignik,Sockeye,1.603343677
1990,Cook Inlet,                             Pink,0.294941464
1990,Cook Inlet,        Chum,0.518570367
1990,Cook Inlet,        Coho,0.760701728
1990,Cook Inlet,Chinook,1.501605757
1990,Cook Inlet,Sockeye,1.699626545
1990,Kodiak,                             Pink,0.337158062
1990,Kodiak,        Chum,0.502625852
1990,Kodiak,        Coho,0.748556379
1990,Kodiak,Chinook,1.060587295
1990,Kodiak,Sockeye,1.535252901
1990,Kotzebue,        Chum,0.371897978
1990,Kotzebue,Chinook,1.932762836
1990,Kuskokwim,                             Pink,0.1203636
1990,Kuskokwim,        Chum,0.27967835
1990,Kuskokwim,        Coho,0.693471244
1990,Kuskokwim,Chinook,0.583825365
1990,Kuskokwim,Sockeye,1.108007269
1990,Norton Sound,        Chum,0.215870343
1990,Norton Sound,Chinook,0.918478993
1990,Prince William Sound,                             Pink,0.34216001
1990,Prince William Sound,        Chum,0.726233535
1990,Prince William Sound,        Coho,0.950633233
1990,Prince William Sound,Chinook,2.328181088
1990,Prince William Sound,Sockeye,2.225029884
1990,Southeast,                             Pink,0.329888614
1990,Southeast,        Chum,0.503001161
1990,Southeast,        Coho,1.225264584
1990,Southeast,Chinook,2.107132281
1990,Southeast,Sockeye,1.587101298
1990,Yukon,        Chum,0.274519723
1990,Yukon,        Coho,0.571470385
1990,Yukon,Chinook,2.833945787
1991,Alaska Peninsula,                             Pink,0.123792298
1991,Alaska Peninsula,        Chum,0.243766017
1991,Alaska Peninsula,        Coho,0.482433978
1991,Alaska Peninsula,Chinook,0.775611322
1991,Alaska Peninsula,Sockeye,0.885297299
1991,Bristol Bay,                             Pink,0.151260504
1991,Bristol Bay,        Chum,0.221612283
1991,Bristol Bay,        Coho,0.602774474
1991,Bristol Bay,Chinook,0.670171643
1991,Bristol Bay,Sockeye,0.749691121
1991,Chignik,                             Pink,0.119536098
1991,Chignik,        Chum,0.22325723
1991,Chignik,        Coho,0.552287759
1991,Chignik,Chinook,0.765751582
1991,Chignik,Sockeye,0.837576119
1991,Cook Inlet,                             Pink,0.121051839
1991,Cook Inlet,        Chum,0.289236101
1991,Cook Inlet,        Coho,0.532211091
1991,Cook Inlet,Chinook,1.196730433
1991,Cook Inlet,Sockeye,1.03665227
1991,Kodiak,                             Pink,0.143883511
1991,Kodiak,        Chum,0.346525072
1991,Kodiak,        Coho,0.573974101
1991,Kodiak,Chinook,0.718225425
1991,Kodiak,Sockeye,0.921932152
1991,Kuskokwim,        Chum,0.321169204
1991,Kuskokwim,        Coho,0.456790254
1991,Kuskokwim,Chinook,0.57794479
1991,Kuskokwim,Sockeye,0.675297581
1991,Prince William Sound,                             Pink,0.14463061
1991,Prince William Sound,        Chum,0.624965292
1991,Prince William Sound,        Coho,0.740976794
1991,Prince William Sound,Chinook,1.721298035
1991,Prince William Sound,Sockeye,1.335991123
1991,Southeast,                             Pink,0.151541114
1991,Southeast,        Chum,0.340679394
1991,Southeast,        Coho,0.98788454
1991,Southeast,Chinook,2.099665347
1991,Southeast,Sockeye,0.945706823
1991,Yukon,        Chum,0.343246531
1991,Yukon,        Coho,0.401528386
1991,Yukon,Chinook,3.671316474
1992,Alaska Peninsula,                             Pink,0.15901456
1992,Alaska Peninsula,        Chum,0.297521143
1992,Alaska Peninsula,        Coho,0.63890482
1992,Alaska Peninsula,Chinook,1.009424572
1992,Alaska Peninsula,Sockeye,1.459179697
1992,Bristol Bay,                             Pink,0.138928594
1992,Bristol Bay,        Chum,0.261422813
1992,Bristol Bay,        Coho,0.589587586
1992,Bristol Bay,Chinook,0.933650661
1992,Bristol Bay,Sockeye,1.120882137
1992,Chignik,                             Pink,0.148186483
1992,Chignik,        Chum,0.290483727
1992,Chignik,        Coho,0.56020136
1992,Chignik,Chinook,1.091340058
1992,Chignik,Sockeye,1.468314534
1992,Cook Inlet,                             Pink,0.151557186
1992,Cook Inlet,        Chum,0.363411615
1992,Cook Inlet,        Coho,0.648164056
1992,Cook Inlet,Chinook,1.283742365
1992,Cook Inlet,Sockeye,1.588824474
1992,Kodiak,                             Pink,0.177567366
1992,Kodiak,        Chum,0.383524214
1992,Kodiak,        Coho,0.568434155
1992,Kodiak,Chinook,1.021441614
1992,Kodiak,Sockeye,1.469652176
1992,Kotzebue,        Chum,0.250292139
1992,Kuskokwim,                             Pink,0.060210783
1992,Kuskokwim,        Chum,0.336723223
1992,Kuskokwim,        Coho,0.448804435
1992,Kuskokwim,Chinook,0.677371194
1992,Kuskokwim,Sockeye,0.922889269
1992,Prince William Sound,                             Pink,0.211256943
1992,Prince William Sound,        Chum,0.614055688
1992,Prince William Sound,        Coho,0.973994281
1992,Prince William Sound,Chinook,2.749276437
1992,Prince William Sound,Sockeye,2.129832027
1992,Southeast,                             Pink,0.222788823
1992,Southeast,        Chum,0.477806694
1992,Southeast,        Coho,1.167675169
1992,Southeast,Chinook,1.972782028
1992,Southeast,Sockeye,1.69093125
1992,Yukon,        Chum,0.275186686
1992,Yukon,        Coho,0.699478261
1992,Yukon,Chinook,4.064961277
1993,Alaska Peninsula,                             Pink,0.128768841
1993,Alaska Peninsula,        Chum,0.262446487
1993,Alaska Peninsula,        Coho,0.44509967
1993,Alaska Peninsula,Chinook,0.775110554
1993,Alaska Peninsula,Sockeye,0.80489622
1993,Bristol Bay,                             Pink,0.249386059
1993,Bristol Bay,        Chum,0.221321446
1993,Bristol Bay,        Coho,0.523126782
1993,Bristol Bay,Chinook,0.761297935
1993,Bristol Bay,Sockeye,0.6696977
1993,Chignik,                             Pink,0.120579311
1993,Chignik,        Chum,0.256536452
1993,Chignik,        Coho,0.506540806
1993,Chignik,Chinook,0.759004192
1993,Chignik,Sockeye,0.800769215
1993,Cook Inlet,                             Pink,0.117629153
1993,Cook Inlet,        Chum,0.30796887
1993,Cook Inlet,        Coho,0.561944062
1993,Cook Inlet,Chinook,1.030967146
1993,Cook Inlet,Sockeye,1.049718636
1993,Kodiak,                             Pink,0.162538507
1993,Kodiak,        Chum,0.28597971
1993,Kodiak,        Coho,0.460346142
1993,Kodiak,Chinook,0.770515755
1993,Kodiak,Sockeye,0.872971805
1993,Kotzebue,        Chum,0.385558427
1993,Kuskokwim,        Chum,0.398722913
1993,Kuskokwim,        Coho,0.598585575
1993,Kuskokwim,Chinook,0.610336688
1993,Kuskokwim,Sockeye,0.714320762
1993,Norton Sound,        Chum,0.255152272
1993,Norton Sound,        Coho,0.352765449
1993,Prince William Sound,                             Pink,0.189898443
1993,Prince William Sound,        Chum,0.659311231
1993,Prince William Sound,        Coho,0.81266793
1993,Prince William Sound,Chinook,1.690079622
1993,Prince William Sound,Sockeye,1.24068895
1993,Southeast,                             Pink,0.181849611
1993,Southeast,        Chum,0.480343353
1993,Southeast,        Coho,1.058151589
1993,Southeast,Chinook,1.666048617
1993,Southeast,Sockeye,0.931807995
1993,Yukon,        Chum,0.378987172
1993,Yukon,Chinook,2.774446214
1994,Alaska Peninsula,                             Pink,0.153285391
1994,Alaska Peninsula,        Chum,0.236775481
1994,Alaska Peninsula,        Coho,0.529358943
1994,Alaska Peninsula,Chinook,0.67056387
1994,Alaska Peninsula,Sockeye,0.999618168
1994,Bristol Bay,                             Pink,0.121481854
1994,Bristol Bay,        Chum,0.215005754
1994,Bristol Bay,        Coho,0.709083679
1994,Bristol Bay,Chinook,0.635708228
1994,Bristol Bay,Sockeye,0.966194233
1994,Chignik,                             Pink,0.138740841
1994,Chignik,        Chum,0.269420383
1994,Chignik,        Coho,0.537263241
1994,Chignik,Chinook,0.552117581
1994,Chignik,Sockeye,0.91404654
1994,Cook Inlet,                             Pink,0.146818041
1994,Cook Inlet,        Chum,0.292682078
1994,Cook Inlet,        Coho,0.672604896
1994,Cook Inlet,Chinook,0.926774869
1994,Cook Inlet,Sockeye,1.450411611
1994,Kodiak,                             Pink,0.181385091
1994,Kodiak,        Chum,0.230814021
1994,Kodiak,        Coho,0.67349184
1994,Kodiak,Chinook,0.72785201
1994,Kodiak,Sockeye,1.277620614
1994,Kotzebue,        Chum,0.200603989
1994,Kuskokwim,                             Pink,0.080390072
1994,Kuskokwim,        Chum,0.230315905
1994,Kuskokwim,        Coho,0.599292589
1994,Kuskokwim,Chinook,0.502278645
1994,Kuskokwim,Sockeye,0.542480303
1994,Prince William Sound,                             Pink,0.186215139
1994,Prince William Sound,        Chum,0.46219773
1994,Prince William Sound,        Coho,0.734964389
1994,Prince William Sound,Chinook,1.488587097
1994,Prince William Sound,Sockeye,1.262264652
1994,Southeast,                             Pink,0.202829704
1994,Southeast,        Chum,0.252524493
1994,Southeast,        Coho,1.058099869
1994,Southeast,Chinook,1.926532047
1994,Southeast,Sockeye,1.386336051
1994,Yukon,        Chum,0.21842798
1994,Yukon,Chinook,1.955924617
1995,Alaska Peninsula,                             Pink,0.163013343
1995,Alaska Peninsula,        Chum,0.223097717
1995,Alaska Peninsula,        Coho,0.42784467
1995,Alaska Peninsula,Chinook,0.730759812
1995,Alaska Peninsula,Sockeye,1.074690281
1995,Bristol Bay,                             Pink,0.136702128
1995,Bristol Bay,        Chum,0.202998857
1995,Bristol Bay,        Coho,0.429689292
1995,Bristol Bay,Chinook,0.659311661
1995,Bristol Bay,Sockeye,0.771409332
1995,Chignik,                             Pink,0.140430964
1995,Chignik,        Chum,0.211579433
1995,Chignik,        Coho,0.45579508
1995,Chignik,Chinook,0.543890585
1995,Chignik,Sockeye,1.075581293
1995,Cook Inlet,                             Pink,0.172720099
1995,Cook Inlet,        Chum,0.260052004
1995,Cook Inlet,        Coho,0.489614834
1995,Cook Inlet,Chinook,0.985384402
1995,Cook Inlet,Sockeye,1.177893616
1995,Kodiak,                             Pink,0.169500457
1995,Kodiak,        Chum,0.271451476
1995,Kodiak,        Coho,0.401197545
1995,Kodiak,Chinook,0.693029245
1995,Kodiak,Sockeye,1.053107402
1995,Kuskokwim,        Chum,0.199992551
1995,Kuskokwim,        Coho,0.424694532
1995,Kuskokwim,Chinook,0.685322631
1995,Kuskokwim,Sockeye,0.703637307
1995,Prince William Sound,                             Pink,0.209051862
1995,Prince William Sound,        Chum,0.436866895
1995,Prince William Sound,        Coho,0.504402594
1995,Prince William Sound,Chinook,2.269017823
1995,Prince William Sound,Sockeye,1.55189537
1995,Southeast,                             Pink,0.205247898
1995,Southeast,        Chum,0.372168939
1995,Southeast,        Coho,0.718234645
1995,Southeast,Chinook,1.532187583
1995,Southeast,Sockeye,1.210233342
1995,Yukon,        Chum,0.160488531
1995,Yukon,        Coho,0.289682576
1995,Yukon,Chinook,2.359320416
1996,Alaska Peninsula,                             Pink,0.0638816
1996,Alaska Peninsula,        Chum,0.083965973
1996,Alaska Peninsula,        Coho,0.341886286
1996,Alaska Peninsula,Chinook,0.416403417
1996,Alaska Peninsula,Sockeye,0.876621889
1996,Bristol Bay,                             Pink,0.050209706
1996,Bristol Bay,        Chum,0.106596048
1996,Bristol Bay,        Coho,0.31101074
1996,Bristol Bay,Chinook,0.50923545
1996,Bristol Bay,Sockeye,0.811888998
1996,Chignik,        Chum,0.028198636
1996,Chignik,        Coho,0.284497282
1996,Chignik,Chinook,0.419880835
1996,Chignik,Sockeye,0.85028322
1996,Cook Inlet,                             Pink,0.069475756
1996,Cook Inlet,        Chum,0.170532368
1996,Cook Inlet,        Coho,0.378231673
1996,Cook Inlet,Chinook,0.993975088
1996,Cook Inlet,Sockeye,1.186982994
1996,Kodiak,                             Pink,0.072564197
1996,Kodiak,        Chum,0.148781088
1996,Kodiak,        Coho,0.424031061
1996,Kodiak,Chinook,0.651855655
1996,Kodiak,Sockeye,0.899029377
1996,Kuskokwim,        Chum,0.103018666
1996,Kuskokwim,        Coho,0.259824007
1996,Kuskokwim,Chinook,0.253626084
1996,Kuskokwim,Sockeye,0.400353678
1996,Prince William Sound,                             Pink,0.094596615
1996,Prince William Sound,        Chum,0.170785652
1996,Prince William Sound,        Coho,0.499853363
1996,Prince William Sound,Chinook,1.653134581
1996,Prince William Sound,Sockeye,1.35081829
1996,Southeast,                             Pink,0.102139458
1996,Southeast,        Chum,0.165323242
1996,Southeast,        Coho,0.68482208
1996,Southeast,Chinook,1.399231335
1996,Southeast,Sockeye,1.13315724
1996,Yukon,        Chum,0.101894152
1996,Yukon,        Coho,0.236186926
1996,Yukon,Chinook,1.948634554
1997,Alaska Peninsula,                             Pink,0.106607051
1997,Alaska Peninsula,        Chum,0.111238289
1997,Alaska Peninsula,        Coho,0.439690024
1997,Alaska Peninsula,Chinook,0.471611192
1997,Alaska Peninsula,Sockeye,0.959253987
1997,Bristol Bay,                             Pink,0.071269488
1997,Bristol Bay,        Chum,0.098547333
1997,Bristol Bay,        Coho,0.500437165
1997,Bristol Bay,Chinook,0.516939408
1997,Bristol Bay,Sockeye,0.904206012
1997,Cook Inlet,                             Pink,0.137287937
1997,Cook Inlet,        Chum,0.206428098
1997,Cook Inlet,        Coho,0.403088974
1997,Cook Inlet,Chinook,0.982799852
1997,Cook Inlet,Sockeye,1.15524275
1997,Kodiak,                             Pink,0.154359953
1997,Kodiak,        Chum,0.186781873
1997,Kodiak,        Coho,0.561038281
1997,Kodiak,Chinook,0.640749544
1997,Kodiak,Sockeye,0.95933184
1997,Kuskokwim,        Chum,0.145497344
1997,Kuskokwim,        Coho,0.348550137
1997,Kuskokwim,Chinook,0.297468454
1997,Kuskokwim,Sockeye,0.429357792
1997,Norton Sound,        Coho,0.479905052
1997,Norton Sound,Chinook,0.776370597
1997,Norton Sound,Sockeye,0.687246964
1997,Prince William Sound,                             Pink,0.144995457
1997,Prince William Sound,        Chum,0.323393422
1997,Prince William Sound,        Coho,0.578296206
1997,Prince William Sound,Chinook,2.013090213
1997,Prince William Sound,Sockeye,0.957801531
1997,Southeast,                             Pink,0.159881718
1997,Southeast,        Chum,0.25374877
1997,Southeast,        Coho,0.990396888
1997,Southeast,Chinook,1.63647713
1997,Southeast,Sockeye,1.213769086
1997,Yukon,        Chum,0.150134929
1997,Yukon,        Coho,0.333758604
1997,Yukon,Chinook,2.40478903
1998,Alaska Peninsula,                             Pink,0.145457635
1998,Alaska Peninsula,        Chum,0.136477888
1998,Alaska Peninsula,        Coho,0.320116384
1998,Alaska Peninsula,Chinook,0.509493245
1998,Alaska Peninsula,Sockeye,1.205128271
1998,Bristol Bay,                             Pink,0.080777653
1998,Bristol Bay,        Chum,0.09523849
1998,Bristol Bay,        Coho,0.479885352
1998,Bristol Bay,Chinook,0.622165246
1998,Bristol Bay,Sockeye,1.222653894
1998,Cook Inlet,                             Pink,0.146715291
1998,Cook Inlet,        Chum,0.192179686
1998,Cook Inlet,        Coho,0.42840744
1998,Cook Inlet,Chinook,1.089184746
1998,Cook Inlet,Sockeye,1.084701505
1998,Kodiak,                             Pink,0.150587671
1998,Kodiak,        Chum,0.190241802
1998,Kodiak,        Coho,0.369575179
1998,Kodiak,Chinook,0.708293382
1998,Kodiak,Sockeye,1.187285089
1998,Kuskokwim,                             Pink,0.106842508
1998,Kuskokwim,        Chum,0.144132065
1998,Kuskokwim,        Coho,0.345732098
1998,Kuskokwim,Chinook,0.295642331
1998,Kuskokwim,Sockeye,0.596761531
1998,Prince William Sound,                             Pink,0.15587476
1998,Prince William Sound,        Chum,0.347648966
1998,Prince William Sound,        Coho,0.568708799
1998,Prince William Sound,Chinook,2.428471381
1998,Prince William Sound,Sockeye,1.486952534
1998,Southeast,                             Pink,0.179751529
1998,Southeast,        Chum,0.184030318
1998,Southeast,        Coho,0.67327278
1998,Southeast,Chinook,1.148203657
1998,Southeast,Sockeye,1.358186424
1998,Yukon,        Chum,0.139566744
1998,Yukon,Chinook,2.534036732
1999,Alaska Peninsula,                             Pink,0.135818793
1999,Alaska Peninsula,        Chum,0.115852981
1999,Alaska Peninsula,        Coho,0.29669206
1999,Alaska Peninsula,Chinook,0.460264278
1999,Alaska Peninsula,Sockeye,1.174454985
1999,Bristol Bay,                             Pink,0.087947883
1999,Bristol Bay,        Chum,0.101529374
1999,Bristol Bay,        Coho,0.720330301
1999,Bristol Bay,Chinook,0.527602672
1999,Bristol Bay,Sockeye,0.843388143
1999,Cook Inlet,                             Pink,0.162979615
1999,Cook Inlet,        Chum,0.179081267
1999,Cook Inlet,        Coho,0.454193274
1999,Cook Inlet,Chinook,1.190405101
1999,Cook Inlet,Sockeye,1.329980653
1999,Kodiak,                             Pink,0.140955369
1999,Kodiak,        Chum,0.185597061
1999,Kodiak,        Coho,0.405752688
1999,Kodiak,Chinook,0.680800056
1999,Kodiak,Sockeye,1.080458503
1999,Kuskokwim,        Chum,0.109828958
1999,Kuskokwim,        Coho,0.371134607
1999,Kuskokwim,Chinook,0.342272919
1999,Kuskokwim,Sockeye,0.615249579
1999,Prince William Sound,                             Pink,0.142338404
1999,Prince William Sound,        Chum,0.259287291
1999,Prince William Sound,        Coho,0.582477534
1999,Prince William Sound,Chinook,4.196449164
1999,Prince William Sound,Sockeye,1.685003175
1999,Southeast,                             Pink,0.171219999
1999,Southeast,        Chum,0.205425018
1999,Southeast,        Coho,0.967009557
1999,Southeast,Chinook,1.647953679
1999,Southeast,Sockeye,1.126148735
1999,Yukon,        Chum,0.187639762
1999,Yukon,        Coho,0.345713323
1999,Yukon,Chinook,3.706478995
2000,Alaska Peninsula,                             Pink,0.128000251
2000,Alaska Peninsula,        Chum,0.118692776
2000,Alaska Peninsula,        Coho,0.274670871
2000,Alaska Peninsula,Chinook,0.465605543
2000,Alaska Peninsula,Sockeye,0.905368878
2000,Bristol Bay,                             Pink,0.075279775
2000,Bristol Bay,        Chum,0.087700819
2000,Bristol Bay,        Coho,0.411160283
2000,Bristol Bay,Chinook,0.456268927
2000,Bristol Bay,Sockeye,0.668080773
2000,Cook Inlet,                             Pink,0.137564101
2000,Cook Inlet,        Chum,0.234893773
2000,Cook Inlet,        Coho,0.458434549
2000,Cook Inlet,Chinook,1.209701761
2000,Cook Inlet,Sockeye,0.882320039
2000,Kodiak,                             Pink,0.143773019
2000,Kodiak,        Chum,0.217148811
2000,Kodiak,        Coho,0.487549445
2000,Kodiak,Chinook,0.662445202
2000,Kodiak,Sockeye,0.894346357
2000,Prince William Sound,                             Pink,0.147452757
2000,Prince William Sound,        Chum,0.255953046
2000,Prince William Sound,        Coho,0.466606088
2000,Prince William Sound,Chinook,3.84438805
2000,Prince William Sound,Sockeye,1.402892696
2000,Southeast,                             Pink,0.176234037
2000,Southeast,        Chum,0.290143385
2000,Southeast,        Coho,0.783868324
2000,Southeast,Chinook,1.972403342
2000,Southeast,Sockeye,0.905531619
2000,Yukon,        Chum,0.162709613
2000,Yukon,Chinook,4.373259184
2001,Alaska Peninsula,                             Pink,0.106847393
2001,Alaska Peninsula,        Chum,0.119354021
2001,Alaska Peninsula,        Coho,0.166502507
2001,Alaska Peninsula,Chinook,0.268204115
2001,Alaska Peninsula,Sockeye,0.53861169
2001,Bristol Bay,                             Pink,0.085209003
2001,Bristol Bay,        Chum,0.113719385
2001,Bristol Bay,        Coho,0.32671857
2001,Bristol Bay,Chinook,0.306308002
2001,Bristol Bay,Sockeye,0.422370426
2001,Chignik,        Chum,0.172846303
2001,Chignik,        Coho,0.248632476
2001,Chignik,Sockeye,0.684476896
2001,Cook Inlet,                             Pink,0.133841906
2001,Cook Inlet,        Chum,0.290090928
2001,Cook Inlet,        Coho,0.29519779
2001,Cook Inlet,Chinook,1.085027928
2001,Cook Inlet,Sockeye,0.650588727
2001,Kodiak,                             Pink,0.118690993
2001,Kodiak,        Chum,0.319150247
2001,Kodiak,        Coho,0.24023458
2001,Kodiak,Chinook,0.719563402
2001,Kodiak,Sockeye,0.701826371
2001,Kuskokwim,        Chum,0.110147124
2001,Kuskokwim,        Coho,0.29101113
2001,Kuskokwim,Chinook,0.399056911
2001,Kuskokwim,Sockeye,0.386203972
2001,Prince William Sound,                             Pink,0.137412948
2001,Prince William Sound,        Chum,0.400723004
2001,Prince William Sound,        Coho,0.309384797
2001,Prince William Sound,Chinook,3.714836974
2001,Prince William Sound,Sockeye,1.112768534
2001,Southeast,                             Pink,0.138967892
2001,Southeast,        Chum,0.388785154
2001,Southeast,        Coho,0.625866667
2001,Southeast,Chinook,1.6880531
2001,Southeast,Sockeye,0.855187868
2002,Alaska Peninsula,        Coho,0.123016879
2002,Alaska Peninsula,Chinook,0.28900872
2002,Bristol Bay,                             Pink,0.062155542
2002,Bristol Bay,        Chum,0.092048821
2002,Bristol Bay,        Coho,0.315559273
2002,Bristol Bay,Chinook,0.333170809
2002,Bristol Bay,Sockeye,0.490969489
2002,Chignik,                             Pink,0.086306326
2002,Chignik,        Chum,0.113197339
2002,Chignik,        Coho,0.146958802
2002,Chignik,Chinook,0.290474271
2002,Chignik,Sockeye,0.728812009
2002,Cook Inlet,                             Pink,0.071487612
2002,Cook Inlet,        Chum,0.135001017
2002,Cook Inlet,        Coho,0.21908419
2002,Cook Inlet,Chinook,1.151526524
2002,Cook Inlet,Sockeye,0.562882021
2002,Kodiak,                             Pink,0.085986908
2002,Kodiak,        Chum,0.161629334
2002,Kodiak,        Coho,0.177659924
2002,Kodiak,Chinook,0.368261635
2002,Kodiak,Sockeye,0.614608971
2002,Kuskokwim,        Chum,0.100187218
2002,Kuskokwim,        Coho,0.205452545
2002,Kuskokwim,Chinook,0.397762518
2002,Kuskokwim,Sockeye,0.398423633
2002,Prince William Sound,                             Pink,0.116485568
2002,Prince William Sound,        Chum,0.159358367
2002,Prince William Sound,        Coho,0.355758598
2002,Prince William Sound,Chinook,3.514989936
2002,Prince William Sound,Sockeye,1.080897968
2002,Southeast,                             Pink,0.096658901
2002,Southeast,        Chum,0.216769456
2002,Southeast,        Coho,0.417649255
2002,Southeast,Chinook,1.127528135
2002,Southeast,Sockeye,0.759784861
2002,Yukon,        Chum,0.610235498
2002,Yukon,Chinook,3.333033094
2003,Bristol Bay,                             Pink,0.067404712
2003,Bristol Bay,        Chum,0.080003283
2003,Bristol Bay,        Coho,0.266703089
2003,Bristol Bay,Chinook,0.322578995
2003,Bristol Bay,Sockeye,0.51388662
2003,Cook Inlet,                             Pink,0.069747571
2003,Cook Inlet,        Chum,0.13244099
2003,Cook Inlet,        Coho,0.271971643
2003,Cook Inlet,Chinook,1.147248917
2003,Cook Inlet,Sockeye,0.64794817
2003,Kodiak,                             Pink,0.087809411
2003,Kodiak,        Chum,0.13923433
2003,Kodiak,        Coho,0.19984596
2003,Kodiak,Chinook,0.35484815
2003,Kodiak,Sockeye,0.603247581
2003,Prince William Sound,                             Pink,0.099008675
2003,Prince William Sound,        Chum,0.178742928
2003,Prince William Sound,        Coho,0.469273361
2003,Prince William Sound,Chinook,3.478758425
2003,Prince William Sound,Sockeye,1.087388475
2003,Southeast,                             Pink,0.095765292
2003,Southeast,        Chum,0.204927102
2003,Southeast,        Coho,0.638250238
2003,Southeast,Chinook,1.175159112
2003,Southeast,Sockeye,0.891101019
2003,Yukon,        Chum,0.112821149
2003,Yukon,        Coho,0.141007472
2003,Yukon,Chinook,2.336882875
2004,Alaska Peninsula,        Coho,0.159093337
2004,Alaska Peninsula,Chinook,0.271309093
2004,Alaska Peninsula,Sockeye,0.572586226
2004,Bristol Bay,                             Pink,0.086984014
2004,Bristol Bay,        Chum,0.085459803
2004,Bristol Bay,        Coho,0.314616372
2004,Bristol Bay,Chinook,0.37368909
2004,Bristol Bay,Sockeye,0.513509793
2004,Chignik,Sockeye,0.941167667
2004,Cook Inlet,                             Pink,0.087976767
2004,Cook Inlet,        Chum,0.167180842
2004,Cook Inlet,        Coho,0.345839811
2004,Cook Inlet,Chinook,1.119989787
2004,Cook Inlet,Sockeye,0.719496065
2004,Kodiak,                             Pink,0.095917266
2004,Kodiak,        Chum,0.122800567
2004,Kodiak,        Coho,0.270983262
2004,Kodiak,Chinook,0.514919228
2004,Kodiak,Sockeye,0.653546491
2004,Prince William Sound,                             Pink,0.119956741
2004,Prince William Sound,        Chum,0.216437741
2004,Prince William Sound,        Coho,0.704045417
2004,Prince William Sound,Chinook,4.674822443
2004,Prince William Sound,Sockeye,1.381008003
2004,Southeast,                             Pink,0.109327335
2004,Southeast,        Chum,0.228239442
2004,Southeast,        Coho,0.925759639
2004,Southeast,Chinook,2.085695433
2004,Southeast,Sockeye,0.865846413
2004,Yukon,        Chum,0.103627697
2004,Yukon,Chinook,2.580248971
2005,Alaska Peninsula,        Coho,0.249543641
2005,Alaska Peninsula,Chinook,0.377711877
2005,Alaska Peninsula,Sockeye,0.650606554
2005,Bristol Bay,                             Pink,0.018682487
2005,Bristol Bay,        Chum,0.105629215
2005,Bristol Bay,        Coho,0.294303041
2005,Bristol Bay,Chinook,0.583961286
2005,Bristol Bay,Sockeye,0.623506642
2005,Cook Inlet,                             Pink,0.102770635
2005,Cook Inlet,        Chum,0.230296093
2005,Cook Inlet,        Coho,0.51642324
2005,Cook Inlet,Chinook,1.226829835
2005,Cook Inlet,Sockeye,0.940193641
2005,Kodiak,                             Pink,0.120096152
2005,Kodiak,        Chum,0.201988793
2005,Kodiak,        Coho,0.420524954
2005,Kodiak,Chinook,0.760731968
2005,Kodiak,Sockeye,0.802335504
2005,Prince William Sound,                             Pink,0.11952657
2005,Prince William Sound,        Chum,0.300987382
2005,Prince William Sound,        Coho,0.764074568
2005,Prince William Sound,Chinook,4.721835978
2005,Prince William Sound,Sockeye,1.566719293
2005,Southeast,                             Pink,0.12173681
2005,Southeast,        Chum,0.309959754
2005,Southeast,        Coho,0.955264957
2005,Southeast,Chinook,2.495891977
2005,Southeast,Sockeye,1.06453007
2005,Yukon,        Chum,0.250251882
2005,Yukon,        Coho,0.228667261
2005,Yukon,Chinook,3.411522754
2006,Alaska Peninsula,                             Pink,0.134890303
2006,Alaska Peninsula,        Chum,0.163714181
2006,Alaska Peninsula,        Coho,0.306388987
2006,Alaska Peninsula,Chinook,0.691485421
2006,Alaska Peninsula,Sockeye,0.663480356
2006,Bristol Bay,                             Pink,0.034577031
2006,Bristol Bay,        Chum,0.115211705
2006,Bristol Bay,        Coho,0.375131169
2006,Bristol Bay,Chinook,0.712774399
2006,Bristol Bay,Sockeye,0.662923338
2006,Cook Inlet,                             Pink,0.12231411
2006,Cook Inlet,        Chum,0.304273387
2006,Cook Inlet,        Coho,0.656185254
2006,Cook Inlet,Chinook,1.886426776
2006,Cook Inlet,Sockeye,1.070709382
2006,Kodiak,                             Pink,0.163624089
2006,Kodiak,        Chum,0.334250563
2006,Kodiak,        Coho,0.661812862
2006,Kodiak,Chinook,0.93733327
2006,Kodiak,Sockeye,0.839181374
2006,Prince William Sound,                             Pink,0.172339763
2006,Prince William Sound,        Chum,0.365241944
2006,Prince William Sound,        Coho,0.812245097
2006,Prince William Sound,Chinook,5.043982514
2006,Prince William Sound,Sockeye,1.608065068
2006,Southeast,                             Pink,0.1672975
2006,Southeast,        Chum,0.351330502
2006,Southeast,        Coho,1.554935015
2006,Southeast,Chinook,3.647163522
2006,Southeast,Sockeye,1.135651629
2006,Yukon,        Chum,0.196022883
2006,Yukon,        Coho,0.199763603
2006,Yukon,Chinook,3.948172761
2007,Alaska Peninsula,                             Pink,0.156330725
2007,Alaska Peninsula,        Chum,0.168471352
2007,Alaska Peninsula,        Coho,0.300073155
2007,Alaska Peninsula,Chinook,0.626911952
2007,Alaska Peninsula,Sockeye,0.732971124
2007,Bristol Bay,        Chum,0.132318086
2007,Bristol Bay,        Coho,0.405825846
2007,Bristol Bay,Chinook,0.637460239
2007,Bristol Bay,Sockeye,0.671065886
2007,Cook Inlet,                             Pink,0.117307642
2007,Cook Inlet,        Chum,0.209295062
2007,Cook Inlet,        Coho,0.555798469
2007,Cook Inlet,Chinook,2.02114261
2007,Cook Inlet,Sockeye,1.001962717
2007,Kodiak,                             Pink,0.180389934
2007,Kodiak,        Chum,0.351986952
2007,Kodiak,        Coho,0.597640593
2007,Kodiak,Chinook,0.891169716
2007,Kodiak,Sockeye,0.99865827
2007,Prince William Sound,                             Pink,0.190738963
2007,Prince William Sound,        Chum,0.344826432
2007,Prince William Sound,        Coho,0.818313113
2007,Prince William Sound,Chinook,4.570092767
2007,Prince William Sound,Sockeye,1.55036867
2007,Southeast,                             Pink,0.208751102
2007,Southeast,        Chum,0.389261419
2007,Southeast,        Coho,1.322951824
2007,Southeast,Chinook,3.651143275
2007,Southeast,Sockeye,1.14321527
2007,Yukon,        Chum,0.222109242
2007,Yukon,        Coho,0.405661097
2007,Yukon,Chinook,3.67505202
2008,Alaska Peninsula,                             Pink,0.297253809
2008,Alaska Peninsula,        Chum,0.290194412
2008,Alaska Peninsula,        Coho,0.46872805
2008,Alaska Peninsula,Chinook,0.845474736
2008,Alaska Peninsula,Sockeye,0.842867725
2008,Bristol Bay,                             Pink,0.17453237
2008,Bristol Bay,        Chum,0.170812845
2008,Bristol Bay,        Coho,0.550692882
2008,Bristol Bay,Chinook,0.829118208
2008,Bristol Bay,Sockeye,0.750524959
2008,Cook Inlet,                             Pink,0.298344149
2008,Cook Inlet,        Chum,0.54156645
2008,Cook Inlet,        Coho,0.643634288
2008,Cook Inlet,Chinook,2.849544776
2008,Cook Inlet,Sockeye,1.256194741
2008,Kodiak,                             Pink,0.365922103
2008,Kodiak,        Chum,0.502376649
2008,Kodiak,        Coho,1.199563068
2008,Kodiak,Chinook,1.002164524
2008,Kodiak,Sockeye,1.194048144
2008,Prince William Sound,                             Pink,0.366086531
2008,Prince William Sound,        Chum,0.57801463
2008,Prince William Sound,        Coho,1.220362972
2008,Prince William Sound,Chinook,5.955212593
2008,Prince William Sound,Sockeye,1.687435901
2008,Southeast,                             Pink,0.37202301
2008,Southeast,        Chum,0.702188516
2008,Southeast,        Coho,1.644404353
2008,Southeast,Chinook,5.476911887
2008,Southeast,Sockeye,1.374811658
2008,Yukon,        Chum,0.515221543
2008,Yukon,        Coho,0.888639928
2009,Alaska Peninsula,                             Pink,0.228409563
2009,Alaska Peninsula,        Chum,0.233469979
2009,Alaska Peninsula,        Coho,0.3169955
2009,Alaska Peninsula,Chinook,0.92511138
2009,Alaska Peninsula,Sockeye,0.893711826
2009,Bristol Bay,                             Pink,0.071264744
2009,Bristol Bay,        Chum,0.17424461
2009,Bristol Bay,        Coho,0.560758759
2009,Bristol Bay,Chinook,0.889243722
2009,Bristol Bay,Sockeye,0.798155906
2009,Cook Inlet,                             Pink,0.226340613
2009,Cook Inlet,        Chum,0.399846293
2009,Cook Inlet,        Coho,0.78597114
2009,Cook Inlet,Chinook,2.5525234
2009,Cook Inlet,Sockeye,1.274910808
2009,Kodiak,                             Pink,0.257294201
2009,Kodiak,        Chum,0.438226755
2009,Kodiak,        Coho,0.608953743
2009,Kodiak,Chinook,0.684221178
2009,Kodiak,Sockeye,1.124175577
2009,Prince William Sound,                             Pink,0.259137374
2009,Prince William Sound,        Chum,0.556213343
2009,Prince William Sound,        Coho,1.29467085
2009,Prince William Sound,Chinook,4.602967892
2009,Prince William Sound,Sockeye,1.831830552
2009,Southeast,                             Pink,0.287002002
2009,Southeast,        Chum,0.565001029
2009,Southeast,        Coho,1.050859789
2009,Southeast,Chinook,3.219073161
2009,Southeast,Sockeye,1.23916352
2009,Yukon,        Chum,0.539286467
2009,Yukon,        Coho,0.84290406
2010,Alaska Peninsula,                             Pink,0.377280179
2010,Alaska Peninsula,        Chum,0.412740015
2010,Alaska Peninsula,        Coho,0.497607507
2010,Alaska Peninsula,Chinook,1.019172648
2010,Alaska Peninsula,Sockeye,1.230580042
2010,Bristol Bay,                             Pink,0.355491173
2010,Bristol Bay,        Chum,0.28369119
2010,Bristol Bay,        Coho,0.659652285
2010,Bristol Bay,Chinook,1.17504518
2010,Bristol Bay,Sockeye,1.066707904
2010,Cook Inlet,                             Pink,0.303999134
2010,Cook Inlet,        Chum,0.645194073
2010,Cook Inlet,        Coho,0.963683794
2010,Cook Inlet,Chinook,3.019775338
2010,Cook Inlet,Sockeye,1.670780871
2010,Kodiak,                             Pink,0.435022523
2010,Kodiak,        Chum,0.560222011
2010,Kodiak,        Coho,0.796908505
2010,Kodiak,Chinook,0.644604663
2010,Kodiak,Sockeye,1.417458188
2010,Prince William Sound,                             Pink,0.403838842
2010,Prince William Sound,        Chum,0.812877564
2010,Prince William Sound,        Coho,1.281522699
2010,Prince William Sound,Chinook,5.413100755
2010,Prince William Sound,Sockeye,2.018725672
2010,Southeast,                             Pink,0.404041633
2010,Southeast,        Chum,0.78843998
2010,Southeast,        Coho,1.300958654
2010,Southeast,Chinook,4.394923437
2010,Southeast,Sockeye,1.685681708
2011,Alaska Peninsula,                             Pink,0.405294785
2011,Alaska Peninsula,        Chum,0.510426673
2011,Alaska Peninsula,        Coho,0.601280185
2011,Alaska Peninsula,Chinook,1.065674596
2011,Alaska Peninsula,Sockeye,1.23967678
2011,Bristol Bay,                             Pink,0.287481184
2011,Bristol Bay,        Chum,0.37038919
2011,Bristol Bay,        Coho,0.744019033
2011,Bristol Bay,Chinook,1.041967841
2011,Bristol Bay,Sockeye,1.173925186
2011,Cook Inlet,                             Pink,0.416238705
2011,Cook Inlet,        Chum,0.701052971
2011,Cook Inlet,        Coho,0.781638458
2011,Cook Inlet,Chinook,3.091514113
2011,Cook Inlet,Sockeye,1.41512794
2011,Kodiak,                             Pink,0.46543732
2011,Kodiak,        Chum,0.690066765
2011,Kodiak,        Coho,0.817297179
2011,Kodiak,Chinook,0.89558528
2011,Kodiak,Sockeye,1.526097817
2011,Prince William Sound,                             Pink,0.485384399
2011,Prince William Sound,        Chum,0.86928705
2011,Prince William Sound,        Coho,1.150750731
2011,Prince William Sound,Chinook,5.567767203
2011,Prince William Sound,Sockeye,1.855514345
2011,Southeast,                             Pink,0.466700901
2011,Southeast,        Chum,0.935122074
2011,Southeast,        Coho,1.304665079
2011,Southeast,Chinook,4.044431065
2011,Southeast,Sockeye,1.615826982
2011,Yukon,        Chum,0.850780396
2011,Yukon,        Coho,0.932362554
2012,Alaska Peninsula,                             Pink,0.352100771
2012,Alaska Peninsula,        Chum,0.466190618
2012,Alaska Peninsula,        Coho,0.47589073
2012,Alaska Peninsula,Chinook,1.12361169
2012,Alaska Peninsula,Sockeye,1.260671226
2012,Bristol Bay,                             Pink,0.386163816
2012,Bristol Bay,        Chum,0.339529217
2012,Bristol Bay,        Coho,0.552512475
2012,Bristol Bay,Chinook,1.314001494
2012,Bristol Bay,Sockeye,1.175023337
2012,Cook Inlet,                             Pink,0.324783887
2012,Cook Inlet,        Chum,0.510985468
2012,Cook Inlet,        Coho,0.757891721
2012,Cook Inlet,Chinook,3.380551704
2012,Cook Inlet,Sockeye,1.458084545
2012,Kodiak,                             Pink,0.476966695
2012,Kodiak,        Chum,0.602313091
2012,Kodiak,        Coho,0.770933852
2012,Kodiak,Chinook,0.607417711
2012,Kodiak,Sockeye,1.472595113
2012,Prince William Sound,                             Pink,0.533672303
2012,Prince William Sound,        Chum,0.715038995
2012,Prince William Sound,        Coho,1.275167238
2012,Prince William Sound,Chinook,3.031957236
2012,Prince William Sound,Sockeye,1.82216823
2012,Southeast,                             Pink,0.481187814
2012,Southeast,        Chum,0.868208681
2012,Southeast,        Coho,1.434401844
2012,Southeast,Chinook,4.414524195
2012,Southeast,Sockeye,1.311312181
2012,Yukon,        Chum,0.677644531
2013,Alaska Peninsula,                             Pink,0.373193143
2013,Alaska Peninsula,        Chum,0.355347787
2013,Alaska Peninsula,        Coho,0.49818373
2013,Alaska Peninsula,Chinook,0.997110075
2013,Alaska Peninsula,Sockeye,1.662285305
2013,Bristol Bay,                             Pink,0.135543338
2013,Bristol Bay,        Chum,0.295646182
2013,Bristol Bay,        Coho,0.792199652
2013,Bristol Bay,Chinook,1.477415008
2013,Bristol Bay,Sockeye,1.608029416
2013,Cook Inlet,                             Pink,0.388589363
2013,Cook Inlet,        Chum,0.496591622
2013,Cook Inlet,        Coho,0.986590987
2013,Cook Inlet,Chinook,3.720014165
2013,Cook Inlet,Sockeye,2.18397101
2013,Kodiak,                             Pink,0.423149708
2013,Kodiak,        Chum,0.253959498
2013,Kodiak,        Coho,0.715776565
2013,Kodiak,Chinook,0.575273115
2013,Kodiak,Sockeye,1.820214762
2013,Prince William Sound,                             Pink,0.420307274
2013,Prince William Sound,        Chum,0.611222283
2013,Prince William Sound,        Coho,1.306589021
2013,Prince William Sound,Chinook,6.33842323
2013,Prince William Sound,Sockeye,2.45263107
2013,Southeast,                             Pink,0.431328774
2013,Southeast,        Chum,0.598757204
2013,Southeast,        Coho,1.475064768
2013,Southeast,Chinook,4.907975732
2013,Southeast,Sockeye,1.740644059
2013,Yukon,        Chum,0.684244277
2013,Yukon,        Coho,1.019822733
2014,Alaska Peninsula,                             Pink,0.265633154
2014,Alaska Peninsula,        Chum,0.408060558
2014,Alaska Peninsula,        Coho,0.477078026
2014,Alaska Peninsula,Chinook,0.888380029
2014,Alaska Peninsula,Sockeye,1.405517678
2014,Bristol Bay,                             Pink,0.237868458
2014,Bristol Bay,        Chum,0.405463716
2014,Bristol Bay,        Coho,0.837763237
2014,Bristol Bay,Chinook,1.324288347
2014,Bristol Bay,Sockeye,1.350011774
2014,Cook Inlet,                             Pink,0.259451342
2014,Cook Inlet,        Chum,0.563774658
2014,Cook Inlet,        Coho,0.845427693
2014,Cook Inlet,Chinook,3.745752182
2014,Cook Inlet,Sockeye,2.110825903
2014,Kodiak,                             Pink,0.331406125
2014,Kodiak,        Chum,0.52917413
2014,Kodiak,        Coho,0.673150983
2014,Kodiak,Chinook,0.96154782
2014,Kodiak,Sockeye,1.829619138
2014,Kotzebue,        Chum,0.555652334
2014,Prince William Sound,                             Pink,0.326681827
2014,Prince William Sound,        Chum,0.630638497
2014,Prince William Sound,        Coho,0.852880484
2014,Prince William Sound,Chinook,6.613740026
2014,Prince William Sound,Sockeye,2.419301157
2014,Southeast,                             Pink,0.294516383
2014,Southeast,        Chum,0.744127915
2014,Southeast,        Coho,1.36654754
2014,Southeast,Chinook,4.407763817
2014,Southeast,Sockeye,1.691715971
2015,Alaska Peninsula,                             Pink,0.186840004
2015,Alaska Peninsula,        Chum,0.310128083
2015,Alaska Peninsula,        Coho,0.366604144
2015,Alaska Peninsula,Chinook,0.546938763
2015,Alaska Peninsula,Sockeye,0.754449028
2015,Bristol Bay,                             Pink,0.064580175
2015,Bristol Bay,        Chum,0.302598605
2015,Bristol Bay,        Coho,0.391733411
2015,Bristol Bay,Chinook,0.561650166
2015,Bristol Bay,Sockeye,0.643073521
2015,Cook Inlet,                             Pink,0.22850465
2015,Cook Inlet,        Chum,0.436883128
2015,Cook Inlet,        Coho,0.648968559
2015,Cook Inlet,Chinook,2.895241614
2015,Cook Inlet,Sockeye,1.541719801
2015,Kodiak,                             Pink,0.245717182
2015,Kodiak,        Chum,0.381391623
2015,Kodiak,        Coho,0.384509542
2015,Kodiak,Chinook,0.680974292
2015,Kodiak,Sockeye,0.928101298
2015,Prince William Sound,                             Pink,0.23339196
2015,Prince William Sound,        Chum,0.605500998
2015,Prince William Sound,        Coho,0.772014871
2015,Prince William Sound,Chinook,5.756002695
2015,Prince William Sound,Sockeye,1.981967927
2015,Southeast,                             Pink,0.222460875
2015,Southeast,        Chum,0.594137089
2015,Southeast,        Coho,0.905418878
2015,Southeast,Chinook,4.073657571
2015,Southeast,Sockeye,1.143734513
2015,Yukon,        Chum,0.595812834
2015,Yukon,        Coho,0.699030793
2016,Alaska Peninsula,                             Pink,0.133475699
2016,Alaska Peninsula,        Chum,0.237677211
2016,Alaska Peninsula,        Coho,0.320746874
2016,Alaska Peninsula,Chinook,0.955049246
2016,Alaska Peninsula,Sockeye,1.02345135
2016,Bristol Bay,                             Pink,0.181238919
2016,Bristol Bay,        Chum,0.296821822
2016,Bristol Bay,        Coho,0.584667293
2016,Bristol Bay,Chinook,0.844770716
2016,Bristol Bay,Sockeye,0.95709042
2016,Chignik,                             Pink,0.214126616
2016,Chignik,        Chum,0.213639324
2016,Chignik,        Coho,0.253793614
2016,Chignik,Chinook,1.00043099
2016,Chignik,Sockeye,1.230981333
2016,Cook Inlet,                             Pink,0.18834817
2016,Cook Inlet,        Chum,0.37787008
2016,Cook Inlet,        Coho,0.776427135
2016,Cook Inlet,Chinook,3.03809377
2016,Cook Inlet,Sockeye,1.505058364
2016,Kodiak,                             Pink,0.472008133
2016,Kodiak,        Chum,0.33714056
2016,Kodiak,        Coho,0.783144294
2016,Kodiak,Chinook,0.905955084
2016,Kodiak,Sockeye,1.275414831
2016,Prince William Sound,                             Pink,0.456892771
2016,Prince William Sound,        Chum,0.626349636
2016,Prince William Sound,        Coho,1.472938189
2016,Prince William Sound,Chinook,6.202380959
2016,Prince William Sound,Sockeye,2.33349614
2016,Southeast,                             Pink,0.327025324
2016,Southeast,        Chum,0.697036021
2016,Southeast,        Coho,1.323011559
2016,Southeast,Chinook,5.783845054
2016,Southeast,Sockeye,1.314325667
2017,Alaska Peninsula,                             Pink,0.329663805
2017,Alaska Peninsula,        Chum,0.332518427
2017,Alaska Peninsula,        Coho,0.36487936
2017,Alaska Peninsula,Chinook,1.100083815
2017,Alaska Peninsula,Sockeye,1.193374563
2017,Bristol Bay,                             Pink,0.148062477
2017,Bristol Bay,        Chum,0.292291737
2017,Bristol Bay,        Coho,0.698228877
2017,Bristol Bay,Chinook,0.93694143
2017,Bristol Bay,Sockeye,1.310507147
2017,Chignik,                             Pink,0.407284138
2017,Chignik,        Chum,0.491793013
2017,Chignik,        Coho,0.355979537
2017,Chignik,Chinook,1.248899792
2017,Chignik,Sockeye,1.5016986
2017,Cook Inlet,                             Pink,0.322283274
2017,Cook Inlet,        Chum,0.62588999
2017,Cook Inlet,        Coho,1.055538893
2017,Cook Inlet,Chinook,3.8601404
2017,Cook Inlet,Sockeye,1.836468768
2017,Kodiak,                             Pink,0.428256089
2017,Kodiak,        Chum,0.573629701
2017,Kodiak,        Coho,0.835966157
2017,Kodiak,Chinook,0.765773175
2017,Kodiak,Sockeye,1.51273911
2017,Kotzebue,        Chum,0.441754372
2017,Prince William Sound,                             Pink,0.41072879
2017,Prince William Sound,        Chum,0.743092562
2017,Prince William Sound,        Coho,1.493481298
2017,Prince William Sound,Chinook,7.629933069
2017,Prince William Sound,Sockeye,2.639766928
2017,Southeast,                             Pink,0.416982354
2017,Southeast,        Chum,0.879310657
2017,Southeast,        Coho,1.559208869
2017,Southeast,Chinook,7.487619729
2017,Southeast,Sockeye,1.716860244
2017,Yukon,        Chum,0.566735079
2018,Alaska Peninsula,                             Pink,0.382421361
2018,Alaska Peninsula,        Chum,0.485354076
2018,Alaska Peninsula,        Coho,0.626939374
2018,Alaska Peninsula,Chinook,0.817634694
2018,Alaska Peninsula,Sockeye,1.634864504
2018,Bristol Bay,                             Pink,0.274471959
2018,Bristol Bay,        Chum,0.37101857
2018,Bristol Bay,        Coho,0.683646226
2018,Bristol Bay,Chinook,1.01874239
2018,Bristol Bay,Sockeye,1.598038119
2018,Chignik,        Chum,0.364327247
2018,Cook Inlet,                             Pink,0.427717492
2018,Cook Inlet,        Chum,0.715473593
2018,Cook Inlet,        Coho,1.021058639
2018,Cook Inlet,Chinook,3.562484205
2018,Cook Inlet,Sockeye,2.374354341
2018,Kodiak,                             Pink,0.489708339
2018,Kodiak,        Chum,0.662095553
2018,Kodiak,        Coho,1.102685948
2018,Kodiak,Chinook,0.772822591
2018,Kodiak,Sockeye,1.802096371
2018,Kotzebue,        Chum,0.401651347
2018,Prince William Sound,                             Pink,0.498978229
2018,Prince William Sound,        Chum,0.941395539
2018,Prince William Sound,        Coho,1.616536266
2018,Prince William Sound,Chinook,12.90778002
2018,Prince William Sound,Sockeye,2.492543092
2018,Southeast,                             Pink,0.46841881
2018,Southeast,        Chum,1.030295849
2018,Southeast,        Coho,1.741467357
2018,Southeast,Chinook,7.307578602
2018,Southeast,Sockeye,1.894924172
2018,Yukon,        Chum,0.648055256
2018,Yukon,        Coho,0.999998305
2019,Alaska Peninsula,                             Pink,0.26653303
2019,Alaska Peninsula,        Chum,0.356920346
2019,Alaska Peninsula,        Coho,0.471460469
2019,Alaska Peninsula,Chinook,0.564979443
2019,Alaska Peninsula,Sockeye,1.571333683
2019,Bristol Bay,                             Pink,0.099220959
2019,Bristol Bay,        Chum,0.32664884
2019,Bristol Bay,        Coho,0.700055031
2019,Bristol Bay,Chinook,0.831252278
2019,Bristol Bay,Sockeye,1.536131591
2019,Cook Inlet,                             Pink,0.298054888
2019,Cook Inlet,        Chum,0.423939656
2019,Cook Inlet,        Coho,0.920244499
2019,Cook Inlet,Chinook,3.584357693
2019,Cook Inlet,Sockeye,1.954807641
2019,Kodiak,                             Pink,0.333011093
2019,Kodiak,        Chum,0.434638312
2019,Kodiak,        Coho,0.802947227
2019,Kodiak,Chinook,0.642405594
2019,Kodiak,Sockeye,1.633871299
2019,Kotzebue,        Chum,0.401127858
2019,Prince William Sound,                             Pink,0.353347816
2019,Prince William Sound,        Chum,0.552410341
2019,Prince William Sound,        Coho,1.237325742
2019,Prince William Sound,Chinook,8.933280731
2019,Prince William Sound,Sockeye,2.565142875
2019,Southeast,                             Pink,0.334986213
2019,Southeast,        Chum,0.59155243
2019,Southeast,        Coho,1.494704382
2019,Southeast,Chinook,5.148722946
2019,Southeast,Sockeye,1.898036979
2019,Yukon,        Chum,0.596572535
2020,Alaska Peninsula,                             Pink,0.253204868
2020,Alaska Peninsula,        Chum,0.20972673
2020,Alaska Peninsula,        Coho,0.369068677
2020,Alaska Peninsula,Chinook,0.502488978
2020,Alaska Peninsula,Sockeye,0.990565929
2020,Bristol Bay,                             Pink,0.087178132
2020,Bristol Bay,        Chum,0.29585823
2020,Bristol Bay,        Coho,0.795806798
2020,Bristol Bay,Chinook,0.924781761
2020,Bristol Bay,Sockeye,1.091298344
2020,Cook Inlet,                             Pink,0.330038535
2020,Cook Inlet,        Chum,0.47976855
2020,Cook Inlet,        Coho,0.993615859
2020,Cook Inlet,Chinook,4.328587761
2020,Cook Inlet,Sockeye,1.55897829
2020,Kodiak,                             Pink,0.330846117
2020,Kodiak,        Chum,0.314630374
2020,Kodiak,        Coho,0.570572007
2020,Kodiak,Chinook,0.721379171
2020,Kodiak,Sockeye,1.168982087
2020,Prince William Sound,                             Pink,0.461080371
2020,Prince William Sound,        Chum,0.495539013
2020,Prince William Sound,        Coho,1.595246268
2020,Prince William Sound,Chinook,6.634132546
2020,Prince William Sound,Sockeye,2.138271003
2020,Southeast,                             Pink,0.333009417
2020,Southeast,        Chum,0.522343401
2020,Southeast,        Coho,1.717336145
2020,Southeast,Chinook,5.288779933
2020,Southeast,Sockeye,1.64978531
2021,Alaska Peninsula,                             Pink,0.347520186
2021,Alaska Peninsula,        Chum,0.31321011
2021,Alaska Peninsula,        Coho,0.611511612
2021,Alaska Peninsula,Chinook,1.436006248
2021,Alaska Peninsula,Sockeye,1.749069552
2021,Bristol Bay,                             Pink,0.146653332
2021,Bristol Bay,        Chum,0.391649415
2021,Bristol Bay,        Coho,0.72436989
2021,Bristol Bay,Chinook,1.098496632
2021,Bristol Bay,Sockeye,1.738749932
2021,Chignik,                             Pink,0.420128361
2021,Chignik,        Chum,0.476716994
2021,Chignik,        Coho,0.326152759
2021,Chignik,Chinook,0.365823339
2021,Chignik,Sockeye,1.753526735
2021,Cook Inlet,                             Pink,0.359897537
2021,Cook Inlet,        Chum,0.682439128
2021,Cook Inlet,        Coho,0.958365688
2021,Cook Inlet,Chinook,4.434537422
2021,Cook Inlet,Sockeye,1.94535721
2021,Kodiak,                             Pink,0.407971435
2021,Kodiak,        Chum,0.597098863
2021,Kodiak,        Coho,0.664037828
2021,Kodiak,Chinook,0.934784133
2021,Kodiak,Sockeye,1.640825016
2021,Kotzebue,        Chum,0.485101342
2021,Prince William Sound,                             Pink,0.439624414
2021,Prince William Sound,        Chum,0.898162631
2021,Prince William Sound,        Coho,1.837987174
2021,Prince William Sound,Chinook,12.82130021
2021,Prince William Sound,Sockeye,2.563864509
2021,Southeast,                             Pink,0.417458923
2021,Southeast,        Chum,1.100934224
2021,Southeast,        Coho,2.045552065
2021,Southeast,Chinook,5.955776998
2021,Southeast,Sockeye,1.903531236